<?xml version="1.0" encoding="UTF-8"?>
<project-private xmlns="http://www.netbeans.org/ns/project-private/1">
    <editor-bookmarks xmlns="http://www.netbeans.org/ns/editor-bookmarks/2" lastBookmarkId="0"/>
    <open-files xmlns="http://www.netbeans.org/ns/projectui-open-files/2">
        <group>
            <file>file:/C:/wamp64/www/P21sistemas/application/models/Dashboard_Model.php</file>
            <file>file:/C:/wamp64/www/P21sistemas/application/core/MY_Controller.php</file>
            <file>file:/C:/wamp64/www/P21sistemas/application/views/dashboard/dashboard.php</file>
            <file>file:/C:/wamp64/www/P21sistemas/application/views/tema/header.php</file>
            <file>file:/C:/wamp64/www/P21sistemas/application/controllers/Dashboard.php</file>
            <file>file:/C:/wamp64/www/P21sistemas/application/views/tema/footer.php</file>
        </group>
    </open-files>
</project-private>
